dfs,bfs,bf
0.051046133041381836,0.06806254386901855,205.30647087097168
